-- MySQL dump 10.13  Distrib 8.0.30, for Win64 (x86_64)
--
-- Host: localhost    Database: crimerecord
-- ------------------------------------------------------
-- Server version	8.0.30

/*!40101 SET @OLD_CHARACTER_SET_CLIENT=@@CHARACTER_SET_CLIENT */;
/*!40101 SET @OLD_CHARACTER_SET_RESULTS=@@CHARACTER_SET_RESULTS */;
/*!40101 SET @OLD_COLLATION_CONNECTION=@@COLLATION_CONNECTION */;
/*!50503 SET NAMES utf8 */;
/*!40103 SET @OLD_TIME_ZONE=@@TIME_ZONE */;
/*!40103 SET TIME_ZONE='+00:00' */;
/*!40014 SET @OLD_UNIQUE_CHECKS=@@UNIQUE_CHECKS, UNIQUE_CHECKS=0 */;
/*!40014 SET @OLD_FOREIGN_KEY_CHECKS=@@FOREIGN_KEY_CHECKS, FOREIGN_KEY_CHECKS=0 */;
/*!40101 SET @OLD_SQL_MODE=@@SQL_MODE, SQL_MODE='NO_AUTO_VALUE_ON_ZERO' */;
/*!40111 SET @OLD_SQL_NOTES=@@SQL_NOTES, SQL_NOTES=0 */;

--
-- Table structure for table `contact`
--

DROP TABLE IF EXISTS `contact`;
/*!40101 SET @saved_cs_client     = @@character_set_client */;
/*!50503 SET character_set_client = utf8mb4 */;
CREATE TABLE `contact` (
  `id` int unsigned NOT NULL AUTO_INCREMENT,
  `name` varchar(145) NOT NULL,
  `email` varchar(45) NOT NULL,
  `subject` varchar(45) NOT NULL,
  `message` varchar(145) NOT NULL,
  PRIMARY KEY (`id`)
) ENGINE=InnoDB AUTO_INCREMENT=4 DEFAULT CHARSET=latin1;
/*!40101 SET character_set_client = @saved_cs_client */;

--
-- Dumping data for table `contact`
--

LOCK TABLES `contact` WRITE;
/*!40000 ALTER TABLE `contact` DISABLE KEYS */;
INSERT INTO `contact` VALUES (1,'Madhuri karande','karandemadhuri109@gmail.com','inquiry','All FIR are available or not?'),(2,'karande madhuri ','karandemadhuri123@gmail.com','inquiry','All FIR are available or not?'),(3,'karande madhuri ','karandemadhuri123@gmail.com','','All FIR are available or not?');
/*!40000 ALTER TABLE `contact` ENABLE KEYS */;
UNLOCK TABLES;

--
-- Table structure for table `policeregister`
--

DROP TABLE IF EXISTS `policeregister`;
/*!40101 SET @saved_cs_client     = @@character_set_client */;
/*!50503 SET character_set_client = utf8mb4 */;
CREATE TABLE `policeregister` (
  `id` int unsigned NOT NULL AUTO_INCREMENT,
  `StationName` varchar(45) NOT NULL,
  `Location` varchar(45) NOT NULL,
  `Admin` varchar(45) NOT NULL,
  `Landmark` varchar(45) NOT NULL,
  `email` varchar(45) NOT NULL,
  `Phone` varchar(45) NOT NULL,
  `question` varchar(45) NOT NULL,
  `answer` varchar(45) NOT NULL,
  `password` varchar(45) NOT NULL,
  `cpassword` varchar(45) NOT NULL,
  `statuss` varchar(45) NOT NULL DEFAULT 'Active',
  PRIMARY KEY (`id`)
) ENGINE=InnoDB AUTO_INCREMENT=11 DEFAULT CHARSET=latin1;
/*!40101 SET character_set_client = @saved_cs_client */;

--
-- Dumping data for table `policeregister`
--

LOCK TABLES `policeregister` WRITE;
/*!40000 ALTER TABLE `policeregister` DISABLE KEYS */;
INSERT INTO `policeregister` VALUES (3,'Daund','Daund','Mahesh Gore','Near railway Station','daundpolice@gmail.com','8978786789','What is Your old Phone Number','8987898789','Daund@123','Daund@123','Deactive'),(4,'Katraj','Katraj','Mahesh Kale','Near Katraj Dairy','katrajpolice@gmail.com','8787678767','What is Your old Phone Number','9897898789','Katraj@123','Katraj@123','Active'),(5,'Talegaon','Talegaon Dabhade','Raj Nagave','Shivaji Chowk','talegaonpolice@gmail.com','9878987898','What is your Pet Name?','police','Talegaon@123','Talegao@123','Active'),(6,'Chikhali','chikhali','Ajitpatil','moshi','ajitpatil123@gmail.com','8987876545','What is your Birthdate?','pune','Ajit@123','Ajit@123','Active'),(8,'Wagholi_Police_Station','Wagholi','Nagesh','near Bus stand','wagholipolice@gmail.com','1000000000','What is your Pet Name?','police','wagholi123','wagholi123','Active'),(9,'SadashivPeth_Police_Station','Sadashivpeth','Sadashiv','Near Kesari Wada','sadashiv@policestation.com','1001001001','What is your Pet Name?','sp','sadashiv@123','sadashiv@123','Active');
/*!40000 ALTER TABLE `policeregister` ENABLE KEYS */;
UNLOCK TABLES;

--
-- Table structure for table `policeregisterfir`
--

DROP TABLE IF EXISTS `policeregisterfir`;
/*!40101 SET @saved_cs_client     = @@character_set_client */;
/*!50503 SET character_set_client = utf8mb4 */;
CREATE TABLE `policeregisterfir` (
  `Rid` int unsigned NOT NULL AUTO_INCREMENT,
  `vfname` varchar(45) NOT NULL,
  `vlname` varchar(45) NOT NULL,
  `dob` varchar(45) NOT NULL,
  `email` varchar(45) NOT NULL,
  `address` varchar(45) NOT NULL,
  `fir` varchar(1000) NOT NULL,
  `place` varchar(45) NOT NULL,
  `policestationame` varchar(45) NOT NULL,
  `currentDate` varchar(45) NOT NULL,
  `hashh` varchar(200) NOT NULL,
  PRIMARY KEY (`Rid`) USING BTREE
) ENGINE=InnoDB AUTO_INCREMENT=16 DEFAULT CHARSET=latin1;
/*!40101 SET character_set_client = @saved_cs_client */;

--
-- Dumping data for table `policeregisterfir`
--

LOCK TABLES `policeregisterfir` WRITE;
/*!40000 ALTER TABLE `policeregisterfir` DISABLE KEYS */;
INSERT INTO `policeregisterfir` VALUES (1,'sachin','kapase','1995-04-04','sachin@gmail.com','Akurdi,Dharmraj Chowk,','Car stolen from home','nigadi,sector 25,House no 2323','daundpolice@gmail.com','02/07/2020','765c5ceb864a1416362dd94120f8f6df46b417f9afff0d93e0d52f1dda2ad2f0'),(2,'Chaitali','Patil','1995-02-02','chaitali@gmail.com','pune','House Robbery','Near Akurdi railway station,Dharmraj Chowk','akurdipolice@gmail.com','02/07/2020','072811a3c5dd5c6a1b60270bc92af4a9a5d7404225e992996ddf0e4d35f20af3'),(3,'Mahesh','Gore','2020-03-23','mahesh@gmail.com','Wadgaon Darekar','Bike Stolen from Home','Dand','chinchwad@gmail.com','03/23/2020','7a48a5cd30dc5333291af0f62b7ab2abdd22a92aa9c532acf031e7ecb03ff1ef'),(4,'sa','aa','2020-03-10','baraterahul96@gmail.com','pune','aa','a','daundpolice@gmail.com','03/30/2020','8b42c21aa309558c831900b36f2ce4737d596875456dfc216a5f4abce4c1650c'),(5,'ffr','vrv','2020-02-27','abhishekh@gmail.com','ad','adsda','dad','daundpolice@gmail.com','03/30/2020','a88d25e214e405c0c925062066836b2460a534e663bddec957bb5f80fdfabcc3'),(6,'Tushari ','Patil','2021-05-03','tusharipatil123@gmail.com','pimpri','Car Stolen from Home','Akurdi','chinchwad@gmail.com','05/26/2021','0cd15fe93dd4a5c3b7af33879e91e430100c2afe56e3664f44331a17bd637b49'),(7,'madhuri','karande','2021-06-08','karandemadhu123@gmail.com','mumbai','abc','pune','ajitpatil123@gmail.com','06/11/2021','021bcd75b206ca1814aeb6fcfa04c5d6fa8cad0e0a60394c08799b2ab9c3053c'),(8,'ganesh','patil','2022-05-10','ganesh123@gmail.com','mumbai ','Car Stolen from Home','mumbai','daundpolice@gmail.com','05/16/2022','516d8603656fbb5614f357310e50360a1380e8b14f67d2371112c22b3aa8b6a5'),(9,'sandip','patil','1998-05-06','ssp1@gmail.com','pune','Bike Stolen from Home','shivaji nagar','katrajpolice@gmail.com','07/05/2022','73d63df28a3616161ecc4b5a681ed8e179e9d4cf3cdc65a8ff598f38d6d2c0b5'),(10,'aa','ssd','2023-02-23','aa@123','dsdasdadad','asdaf adsf adada','adsdadafafc','daundpolice@gmail.com','02/23/2023','50155e42f3fc08b6b1a0d61503828365e18fb6f2381827c94e3cc34dd32e9f2e'),(11,'Akshay','Kumar','2023-02-23','akshay@gmail.com','Pune','Assdsdssas','hadapsar','sadashiv@policestation.com','02/23/2023','2d43a6ff0156013c80fd34771b3fb1dfafc177ac697750e24044a5d4bb88b734'),(12,'Datta','Sirsath','2023-02-22','datta@gmail.com','Pune','hbdhs','Pune','nigdi@ps.com','02/25/2023','1f6544a192e423f6376f8abd1792ee0d8b5a9769f6bfa7081ad49e601e9a303b'),(13,'Akashay','Khanna','2023-02-28','datta@123','pune','Robbery at Bank','Nigdi','nigdi@ps.com','02/28/2023','bf42e908559d21b64c9cc719d77158a96137e2c0726de7eb87d1acd6b30a5422'),(14,'AVC','avva','2023-03-13','adasda@1','asdas','dasda','sdad','talegaonpolice@gmail.com','03/10/2023','809773e1dcee9a3535aa8803f458d93318ce19451637731222137d99bf5852ae'),(15,'XYZ','zz','2023-03-09','xyz@123','axz','adad','asdasda','nigdi@ps.com','03/10/2023','4b1772f52a9055fd7a823d0693824ffc5e8b632bc6853b5d1e5c493885c2b18e');
/*!40000 ALTER TABLE `policeregisterfir` ENABLE KEYS */;
UNLOCK TABLES;

--
-- Table structure for table `requestsend`
--

DROP TABLE IF EXISTS `requestsend`;
/*!40101 SET @saved_cs_client     = @@character_set_client */;
/*!50503 SET character_set_client = utf8mb4 */;
CREATE TABLE `requestsend` (
  `id` int unsigned NOT NULL AUTO_INCREMENT,
  `Rid` varchar(45) NOT NULL,
  `vfname` varchar(45) NOT NULL,
  `vlname` varchar(45) NOT NULL,
  `dob` varchar(45) NOT NULL,
  `email` varchar(45) NOT NULL,
  `address` varchar(200) NOT NULL,
  `fir` varchar(100) NOT NULL,
  `place` varchar(45) NOT NULL,
  `policestationame` varchar(45) NOT NULL,
  `currentDate` varchar(45) NOT NULL,
  `PreviousHash` varchar(100) NOT NULL,
  `CurrentHash` varchar(100) NOT NULL,
  `SenderEmail` varchar(45) NOT NULL,
  PRIMARY KEY (`id`)
) ENGINE=InnoDB AUTO_INCREMENT=154 DEFAULT CHARSET=latin1;
/*!40101 SET character_set_client = @saved_cs_client */;

--
-- Dumping data for table `requestsend`
--

LOCK TABLES `requestsend` WRITE;
/*!40000 ALTER TABLE `requestsend` DISABLE KEYS */;
INSERT INTO `requestsend` VALUES (1,'1','sachin','kapase','1995-04-04','sachin@gmail.com','Akurdi,Dharmraj Chowk,','Car stolen from home','nigadi,sector 25,House no 2323','daundpolice@gmail.com','02/07/2020','765c5ceb864a1416362dd94120f8f6df46b417f9afff0d93e0d52f1dda2ad2f0','765c5ceb864a1416362dd94120f8f6df46b417f9afff0d93e0d52f1dda2ad2f0','akurdipolice@gmail.com'),(2,'1','sachin','kapase','1995-04-04','sachin@gmail.com','Akurdi,Dharmraj Chowk,','Car stolen from city','nigadi,sector 25,House no 2323','daundpolice@gmail.com','02/07/2020','765c5ceb864a1416362dd94120f8f6df46b417f9afff0d93e0d52f1dda2ad2f0','6093e2c57beb607ff53cdf25b38a50ca012cf3c35758b882b7b4dc3d695a1e17','katrajpolice@gmail.com'),(3,'2','Chaitali','Patil','1995-02-02','chaitali@gmail.com','pune','House Robbery','Near Akurdi railway station,Dharmraj Chowk','akurdipolice@gmail.com','02/07/2020','072811a3c5dd5c6a1b60270bc92af4a9a5d7404225e992996ddf0e4d35f20af3','072811a3c5dd5c6a1b60270bc92af4a9a5d7404225e992996ddf0e4d35f20af3','daundpolice@gmail.com'),(4,'2','Chaitali','Patil','1995-02-02','chaitali@gmail.com','pune','House Robbery','Near Akurdi railway station,Dharmraj Chowk','akurdipolice@gmail.com','02/07/2020','072811a3c5dd5c6a1b60270bc92af4a9a5d7404225e992996ddf0e4d35f20af3','072811a3c5dd5c6a1b60270bc92af4a9a5d7404225e992996ddf0e4d35f20af3','katrajpolice@gmail.com'),(5,'2','Chaitali','Patil','1995-02-02','chaitali@gmail.com','pune','House Robbery','Near Akurdi railway station,Dharmraj Chowk','akurdipolice@gmail.com','02/07/2020','072811a3c5dd5c6a1b60270bc92af4a9a5d7404225e992996ddf0e4d35f20af3','072811a3c5dd5c6a1b60270bc92af4a9a5d7404225e992996ddf0e4d35f20af3','katrajpolice@gmail.com'),(6,'3','Mahesh','Gore','2020-03-23','mahesh@gmail.com','Wadgaon Darekar','Bike Stolen from Home','Dand','chinchwad@gmail.com','03/23/2020','7a48a5cd30dc5333291af0f62b7ab2abdd22a92aa9c532acf031e7ecb03ff1ef','7a48a5cd30dc5333291af0f62b7ab2abdd22a92aa9c532acf031e7ecb03ff1ef','pune@gmail.com'),(7,'2','Chaitali','Patil','1995-02-02','chaitali@gmail.com','pune','House Robbery','Near Akurdi railway station,Dharmraj Chowk','pune@gmail.com','02/07/2020','072811a3c5dd5c6a1b60270bc92af4a9a5d7404225e992996ddf0e4d35f20af3','072811a3c5dd5c6a1b60270bc92af4a9a5d7404225e992996ddf0e4d35f20af3','chinchwad@gmail.com'),(8,'2','Chaitali','Patil','1995-02-02','chaitali@gmail.com','pune','House Robbery','Near Akurdi railway station,Dharmraj Chowk','pune@gmail.com','02/07/2020','072811a3c5dd5c6a1b60270bc92af4a9a5d7404225e992996ddf0e4d35f20af3','072811a3c5dd5c6a1b60270bc92af4a9a5d7404225e992996ddf0e4d35f20af3','daundpolice@gmail.com'),(9,'2','Chaitali','Patil','1995-02-02','chaitali@gmail.com','pune','House Robbery','Near Akurdi railway station,Dharmraj Chowk','pune@gmail.com','02/07/2020','072811a3c5dd5c6a1b60270bc92af4a9a5d7404225e992996ddf0e4d35f20af3','072811a3c5dd5c6a1b60270bc92af4a9a5d7404225e992996ddf0e4d35f20af3','katrajpolice@gmail.com'),(10,'2','Chaitali','Patil','1995-02-02','chaitali@gmail.com','pune','House Robbery','Near Akurdi railway station,Dharmraj Chowk','pune@gmail.com','02/07/2020','072811a3c5dd5c6a1b60270bc92af4a9a5d7404225e992996ddf0e4d35f20af3','072811a3c5dd5c6a1b60270bc92af4a9a5d7404225e992996ddf0e4d35f20af3','talegaonpolice@gmail.com'),(11,'1','sachin','kapase','1995-04-04','sachin@gmail.com','Akurdi,Dharmraj Chowk,','Car stolen from home','nigadi,sector 25,House no 2323','pune@gmail.com','02/07/2020','765c5ceb864a1416362dd94120f8f6df46b417f9afff0d93e0d52f1dda2ad2f0','765c5ceb864a1416362dd94120f8f6df46b417f9afff0d93e0d52f1dda2ad2f0','chinchwad@gmail.com'),(12,'1','sachin','kapase','1995-04-04','sachin@gmail.com','Akurdi,Dharmraj Chowk,','Car stolen from home','nigadi,sector 25,House no 2323','pune@gmail.com','02/07/2020','765c5ceb864a1416362dd94120f8f6df46b417f9afff0d93e0d52f1dda2ad2f0','765c5ceb864a1416362dd94120f8f6df46b417f9afff0d93e0d52f1dda2ad2f0','daundpolice@gmail.com'),(13,'1','sachin','kapase','1995-04-04','sachin@gmail.com','Akurdi,Dharmraj Chowk,','Car stolen from home','nigadi,sector 25,House no 2323','pune@gmail.com','02/07/2020','765c5ceb864a1416362dd94120f8f6df46b417f9afff0d93e0d52f1dda2ad2f0','765c5ceb864a1416362dd94120f8f6df46b417f9afff0d93e0d52f1dda2ad2f0','katrajpolice@gmail.com'),(14,'1','sachin','kapase','1995-04-04','sachin@gmail.com','Akurdi,Dharmraj Chowk,','Car stolen from home','nigadi,sector 25,House no 2323','pune@gmail.com','02/07/2020','765c5ceb864a1416362dd94120f8f6df46b417f9afff0d93e0d52f1dda2ad2f0','765c5ceb864a1416362dd94120f8f6df46b417f9afff0d93e0d52f1dda2ad2f0','talegaonpolice@gmail.com'),(15,'5','ffr','vrv','2020-02-27','abhishekh@gmail.com','ad','adsda','dad2','daundpolice@gmail.com','03/30/2020','a88d25e214e405c0c925062066836b2460a534e663bddec957bb5f80fdfabcc3','22da00d811789faa5ea92bf7bc9a3a839b20b60db1fa6634d705f9f8ce059b7c','katrajpolice@gmail.com'),(16,'1','sachin','kapase','1995-04-04','sachin@gmail.com','Akurdi,Dharmraj Chowk,','Car stolen from home','nigadi,sector 25,House no 2323','pune@gmail.com','02/07/2020','765c5ceb864a1416362dd94120f8f6df46b417f9afff0d93e0d52f1dda2ad2f0','765c5ceb864a1416362dd94120f8f6df46b417f9afff0d93e0d52f1dda2ad2f0','chinchwad@gmail.com'),(17,'1','sachin','kapase','1995-04-04','sachin@gmail.com','Akurdi,Dharmraj Chowk,','Car stolen from home','nigadi,sector 25,House no 2323','pune@gmail.com','02/07/2020','765c5ceb864a1416362dd94120f8f6df46b417f9afff0d93e0d52f1dda2ad2f0','765c5ceb864a1416362dd94120f8f6df46b417f9afff0d93e0d52f1dda2ad2f0','daundpolice@gmail.com'),(18,'1','sachin','kapase','1995-04-04','sachin@gmail.com','Akurdi,Dharmraj Chowk,','Car stolen from home','nigadi,sector 25,House no 2323','pune@gmail.com','02/07/2020','765c5ceb864a1416362dd94120f8f6df46b417f9afff0d93e0d52f1dda2ad2f0','765c5ceb864a1416362dd94120f8f6df46b417f9afff0d93e0d52f1dda2ad2f0','katrajpolice@gmail.com'),(19,'1','sachin','kapase','1995-04-04','sachin@gmail.com','Akurdi,Dharmraj Chowk,','Car stolen from home','nigadi,sector 25,House no 2323','pune@gmail.com','02/07/2020','765c5ceb864a1416362dd94120f8f6df46b417f9afff0d93e0d52f1dda2ad2f0','765c5ceb864a1416362dd94120f8f6df46b417f9afff0d93e0d52f1dda2ad2f0','talegaonpolice@gmail.com'),(20,'7','madhuri','karande','2021-06-08','karandemadhu123@gmail.com','mumbai','abc','pune','pune@gmail.com','06/11/2021','021bcd75b206ca1814aeb6fcfa04c5d6fa8cad0e0a60394c08799b2ab9c3053c','021bcd75b206ca1814aeb6fcfa04c5d6fa8cad0e0a60394c08799b2ab9c3053c','chinchwad@gmail.com'),(21,'7','madhuri','karande','2021-06-08','karandemadhu123@gmail.com','mumbai','abc','pune','pune@gmail.com','06/11/2021','021bcd75b206ca1814aeb6fcfa04c5d6fa8cad0e0a60394c08799b2ab9c3053c','021bcd75b206ca1814aeb6fcfa04c5d6fa8cad0e0a60394c08799b2ab9c3053c','daundpolice@gmail.com'),(22,'7','madhuri','karande','2021-06-08','karandemadhu123@gmail.com','mumbai','abc','pune','pune@gmail.com','06/11/2021','021bcd75b206ca1814aeb6fcfa04c5d6fa8cad0e0a60394c08799b2ab9c3053c','021bcd75b206ca1814aeb6fcfa04c5d6fa8cad0e0a60394c08799b2ab9c3053c','katrajpolice@gmail.com'),(23,'7','madhuri','karande','2021-06-08','karandemadhu123@gmail.com','mumbai','abc','pune','pune@gmail.com','06/11/2021','021bcd75b206ca1814aeb6fcfa04c5d6fa8cad0e0a60394c08799b2ab9c3053c','021bcd75b206ca1814aeb6fcfa04c5d6fa8cad0e0a60394c08799b2ab9c3053c','talegaonpolice@gmail.com'),(24,'7','madhuri','karande','2021-06-08','karandemadhu123@gmail.com','mumbai','abc','pune','pune@gmail.com','06/11/2021','021bcd75b206ca1814aeb6fcfa04c5d6fa8cad0e0a60394c08799b2ab9c3053c','021bcd75b206ca1814aeb6fcfa04c5d6fa8cad0e0a60394c08799b2ab9c3053c','ajitpatil123@gmail.com'),(25,'7','madhuri','karande','2021-06-08','karandemadhu123@gmail.com','mumbai','abc','pune','ajitpatil123@gmail.com','06/11/2021','021bcd75b206ca1814aeb6fcfa04c5d6fa8cad0e0a60394c08799b2ab9c3053c','021bcd75b206ca1814aeb6fcfa04c5d6fa8cad0e0a60394c08799b2ab9c3053c','chinchwad@gmail.com'),(26,'7','madhuri','karande','2021-06-08','karandemadhu123@gmail.com','mumbai','abc','pune','pune@gmail.com','06/11/2021','021bcd75b206ca1814aeb6fcfa04c5d6fa8cad0e0a60394c08799b2ab9c3053c','021bcd75b206ca1814aeb6fcfa04c5d6fa8cad0e0a60394c08799b2ab9c3053c','chinchwad@gmail.com'),(27,'7','madhuri','karande','2021-06-08','karandemadhu123@gmail.com','mumbai','abc','pune','pune@gmail.com','06/11/2021','021bcd75b206ca1814aeb6fcfa04c5d6fa8cad0e0a60394c08799b2ab9c3053c','021bcd75b206ca1814aeb6fcfa04c5d6fa8cad0e0a60394c08799b2ab9c3053c','daundpolice@gmail.com'),(28,'7','madhuri','karande','2021-06-08','karandemadhu123@gmail.com','mumbai','abc','pune','pune@gmail.com','06/11/2021','021bcd75b206ca1814aeb6fcfa04c5d6fa8cad0e0a60394c08799b2ab9c3053c','021bcd75b206ca1814aeb6fcfa04c5d6fa8cad0e0a60394c08799b2ab9c3053c','katrajpolice@gmail.com'),(29,'7','madhuri','karande','2021-06-08','karandemadhu123@gmail.com','mumbai','abc','pune','pune@gmail.com','06/11/2021','021bcd75b206ca1814aeb6fcfa04c5d6fa8cad0e0a60394c08799b2ab9c3053c','021bcd75b206ca1814aeb6fcfa04c5d6fa8cad0e0a60394c08799b2ab9c3053c','talegaonpolice@gmail.com'),(30,'7','madhuri','karande','2021-06-08','karandemadhu123@gmail.com','mumbai','abc','pune','pune@gmail.com','06/11/2021','021bcd75b206ca1814aeb6fcfa04c5d6fa8cad0e0a60394c08799b2ab9c3053c','021bcd75b206ca1814aeb6fcfa04c5d6fa8cad0e0a60394c08799b2ab9c3053c','ajitpatil123@gmail.com'),(31,'7','madhuri','karande','2021-06-08','karandemadhu123@gmail.com','mumbai','abc','pune','ajitpatil123@gmail.com','06/11/2021','021bcd75b206ca1814aeb6fcfa04c5d6fa8cad0e0a60394c08799b2ab9c3053c','021bcd75b206ca1814aeb6fcfa04c5d6fa8cad0e0a60394c08799b2ab9c3053c','chinchwad@gmail.com'),(32,'7','madhuri','karande','2021-06-08','karandemadhu123@gmail.com','mumbai','abc','pune','ajitpatil123@gmail.com','06/11/2021','021bcd75b206ca1814aeb6fcfa04c5d6fa8cad0e0a60394c08799b2ab9c3053c','021bcd75b206ca1814aeb6fcfa04c5d6fa8cad0e0a60394c08799b2ab9c3053c','chinchwad@gmail.com'),(33,'1','sachin','kapase','1995-04-04','sachin@gmail.com','Akurdi,Dharmraj Chowk,','Car stolen from home','nigadi,sector 25,House no 2323','pune@gmail.com','02/07/2020','765c5ceb864a1416362dd94120f8f6df46b417f9afff0d93e0d52f1dda2ad2f0','765c5ceb864a1416362dd94120f8f6df46b417f9afff0d93e0d52f1dda2ad2f0','daundpolice@gmail.com'),(34,'1','sachin','kapase','1995-04-04','sachin@gmail.com','Akurdi,Dharmraj Chowk,','Car stolen from home','nigadi,sector 25,House no 2323','pune@gmail.com','02/07/2020','765c5ceb864a1416362dd94120f8f6df46b417f9afff0d93e0d52f1dda2ad2f0','765c5ceb864a1416362dd94120f8f6df46b417f9afff0d93e0d52f1dda2ad2f0','katrajpolice@gmail.com'),(35,'1','sachin','kapase','1995-04-04','sachin@gmail.com','Akurdi,Dharmraj Chowk,','Car stolen from home','nigadi,sector 25,House no 2323','pune@gmail.com','02/07/2020','765c5ceb864a1416362dd94120f8f6df46b417f9afff0d93e0d52f1dda2ad2f0','765c5ceb864a1416362dd94120f8f6df46b417f9afff0d93e0d52f1dda2ad2f0','talegaonpolice@gmail.com'),(36,'1','sachin','kapase','1995-04-04','sachin@gmail.com','Akurdi,Dharmraj Chowk,','Car stolen from home','nigadi,sector 25,House no 2323','pune@gmail.com','02/07/2020','765c5ceb864a1416362dd94120f8f6df46b417f9afff0d93e0d52f1dda2ad2f0','765c5ceb864a1416362dd94120f8f6df46b417f9afff0d93e0d52f1dda2ad2f0','ajitpatil123@gmail.com'),(37,'7','madhuri','karande','2021-06-08','karandemadhu123@gmail.com','mumbai','abc','pune','pune@gmail.com','06/11/2021','021bcd75b206ca1814aeb6fcfa04c5d6fa8cad0e0a60394c08799b2ab9c3053c','021bcd75b206ca1814aeb6fcfa04c5d6fa8cad0e0a60394c08799b2ab9c3053c','daundpolice@gmail.com'),(38,'7','madhuri','karande','2021-06-08','karandemadhu123@gmail.com','mumbai','abc','pune','pune@gmail.com','06/11/2021','021bcd75b206ca1814aeb6fcfa04c5d6fa8cad0e0a60394c08799b2ab9c3053c','021bcd75b206ca1814aeb6fcfa04c5d6fa8cad0e0a60394c08799b2ab9c3053c','katrajpolice@gmail.com'),(39,'7','madhuri','karande','2021-06-08','karandemadhu123@gmail.com','mumbai','abc','pune','pune@gmail.com','06/11/2021','021bcd75b206ca1814aeb6fcfa04c5d6fa8cad0e0a60394c08799b2ab9c3053c','021bcd75b206ca1814aeb6fcfa04c5d6fa8cad0e0a60394c08799b2ab9c3053c','talegaonpolice@gmail.com'),(40,'7','madhuri','karande','2021-06-08','karandemadhu123@gmail.com','mumbai','abc','pune','pune@gmail.com','06/11/2021','021bcd75b206ca1814aeb6fcfa04c5d6fa8cad0e0a60394c08799b2ab9c3053c','021bcd75b206ca1814aeb6fcfa04c5d6fa8cad0e0a60394c08799b2ab9c3053c','ajitpatil123@gmail.com'),(41,'8','ganesh','patil','2022-05-10','ganesh123@gmail.com','mumbai ','Car Stolen from Home','mumbai','daundpolice@gmail.com','05/16/2022','516d8603656fbb5614f357310e50360a1380e8b14f67d2371112c22b3aa8b6a5','516d8603656fbb5614f357310e50360a1380e8b14f67d2371112c22b3aa8b6a5','katrajpolice@gmail.com'),(42,'8','ganesh','patil','2022-05-10','ganesh123@gmail.com','mumbai ','Car Stolen from Home','mumbai','pune@gmail.com','05/16/2022','516d8603656fbb5614f357310e50360a1380e8b14f67d2371112c22b3aa8b6a5','516d8603656fbb5614f357310e50360a1380e8b14f67d2371112c22b3aa8b6a5','daundpolice@gmail.com'),(43,'8','ganesh','patil','2022-05-10','ganesh123@gmail.com','mumbai ','Car Stolen from Home','mumbai','pune@gmail.com','05/16/2022','516d8603656fbb5614f357310e50360a1380e8b14f67d2371112c22b3aa8b6a5','516d8603656fbb5614f357310e50360a1380e8b14f67d2371112c22b3aa8b6a5','katrajpolice@gmail.com'),(44,'8','ganesh','patil','2022-05-10','ganesh123@gmail.com','mumbai ','Car Stolen from Home','mumbai','pune@gmail.com','05/16/2022','516d8603656fbb5614f357310e50360a1380e8b14f67d2371112c22b3aa8b6a5','516d8603656fbb5614f357310e50360a1380e8b14f67d2371112c22b3aa8b6a5','talegaonpolice@gmail.com'),(45,'8','ganesh','patil','2022-05-10','ganesh123@gmail.com','mumbai ','Car Stolen from Home','mumbai','pune@gmail.com','05/16/2022','516d8603656fbb5614f357310e50360a1380e8b14f67d2371112c22b3aa8b6a5','516d8603656fbb5614f357310e50360a1380e8b14f67d2371112c22b3aa8b6a5','ajitpatil123@gmail.com'),(46,'8','ganesh','patil','2022-05-10','ganesh123@gmail.com','mumbai ','Car Stolen from Home','mumbai','pune@gmail.com','05/16/2022','516d8603656fbb5614f357310e50360a1380e8b14f67d2371112c22b3aa8b6a5','516d8603656fbb5614f357310e50360a1380e8b14f67d2371112c22b3aa8b6a5','daundpolice@gmail.com'),(47,'1','sachin','kapase','1995-04-04','sachin@gmail.com','Akurdi,Dharmraj Chowk,','Car stolen from home','nigadi,sector 25,House no 2323','pune@gmail.com','02/07/2020','765c5ceb864a1416362dd94120f8f6df46b417f9afff0d93e0d52f1dda2ad2f0','765c5ceb864a1416362dd94120f8f6df46b417f9afff0d93e0d52f1dda2ad2f0','daundpolice@gmail.com'),(48,'1','sachin','kapase','1995-04-04','sachin@gmail.com','Akurdi,Dharmraj Chowk,','Car stolen from home','nigadi,sector 25,House no 2323','pune@gmail.com','02/07/2020','765c5ceb864a1416362dd94120f8f6df46b417f9afff0d93e0d52f1dda2ad2f0','765c5ceb864a1416362dd94120f8f6df46b417f9afff0d93e0d52f1dda2ad2f0','katrajpolice@gmail.com'),(49,'1','sachin','kapase','1995-04-04','sachin@gmail.com','Akurdi,Dharmraj Chowk,','Car stolen from home','nigadi,sector 25,House no 2323','pune@gmail.com','02/07/2020','765c5ceb864a1416362dd94120f8f6df46b417f9afff0d93e0d52f1dda2ad2f0','765c5ceb864a1416362dd94120f8f6df46b417f9afff0d93e0d52f1dda2ad2f0','talegaonpolice@gmail.com'),(50,'1','sachin','kapase','1995-04-04','sachin@gmail.com','Akurdi,Dharmraj Chowk,','Car stolen from home','nigadi,sector 25,House no 2323','pune@gmail.com','02/07/2020','765c5ceb864a1416362dd94120f8f6df46b417f9afff0d93e0d52f1dda2ad2f0','765c5ceb864a1416362dd94120f8f6df46b417f9afff0d93e0d52f1dda2ad2f0','ajitpatil123@gmail.com'),(51,'1','sachin','kapase','1995-04-04','sachin@gmail.com','Akurdi,Dharmraj Chowk,','Car stolen from home','nigadi,sector 25,House no 2323','pune@gmail.com','02/07/2020','765c5ceb864a1416362dd94120f8f6df46b417f9afff0d93e0d52f1dda2ad2f0','765c5ceb864a1416362dd94120f8f6df46b417f9afff0d93e0d52f1dda2ad2f0','daundpolice@gmail.com'),(52,'8','ganesh','patil','2022-05-10','ganesh123@gmail.com','mumbai ','Car Stolen from Home','mumbai','pune@gmail.com','05/16/2022','516d8603656fbb5614f357310e50360a1380e8b14f67d2371112c22b3aa8b6a5','516d8603656fbb5614f357310e50360a1380e8b14f67d2371112c22b3aa8b6a5','daundpolice@gmail.com'),(53,'8','ganesh','patil','2022-05-10','ganesh123@gmail.com','mumbai ','Car Stolen from Home','mumbai','pune@gmail.com','05/16/2022','516d8603656fbb5614f357310e50360a1380e8b14f67d2371112c22b3aa8b6a5','516d8603656fbb5614f357310e50360a1380e8b14f67d2371112c22b3aa8b6a5','katrajpolice@gmail.com'),(54,'8','ganesh','patil','2022-05-10','ganesh123@gmail.com','mumbai ','Car Stolen from Home','mumbai','pune@gmail.com','05/16/2022','516d8603656fbb5614f357310e50360a1380e8b14f67d2371112c22b3aa8b6a5','516d8603656fbb5614f357310e50360a1380e8b14f67d2371112c22b3aa8b6a5','talegaonpolice@gmail.com'),(55,'8','ganesh','patil','2022-05-10','ganesh123@gmail.com','mumbai ','Car Stolen from Home','mumbai','pune@gmail.com','05/16/2022','516d8603656fbb5614f357310e50360a1380e8b14f67d2371112c22b3aa8b6a5','516d8603656fbb5614f357310e50360a1380e8b14f67d2371112c22b3aa8b6a5','ajitpatil123@gmail.com'),(56,'8','ganesh','patil','2022-05-10','ganesh123@gmail.com','mumbai ','Car Stolen from Home','mumbai','pune@gmail.com','05/16/2022','516d8603656fbb5614f357310e50360a1380e8b14f67d2371112c22b3aa8b6a5','516d8603656fbb5614f357310e50360a1380e8b14f67d2371112c22b3aa8b6a5','daundpolice@gmail.com'),(57,'8','ganesh','patil','2022-05-10','ganesh123@gmail.com','mumbai ','Car Stolen from Home','mumbai','daundpolice@gmail.com','05/16/2022','516d8603656fbb5614f357310e50360a1380e8b14f67d2371112c22b3aa8b6a5','516d8603656fbb5614f357310e50360a1380e8b14f67d2371112c22b3aa8b6a5','pune@gmail.com'),(58,'8','ganesh','patil','2022-05-10','ganesh123@gmail.com','mumbai ','Car Stolen from Home','mumbai','pune@gmail.com','05/16/2022','516d8603656fbb5614f357310e50360a1380e8b14f67d2371112c22b3aa8b6a5','516d8603656fbb5614f357310e50360a1380e8b14f67d2371112c22b3aa8b6a5','daundpolice@gmail.com'),(59,'8','ganesh','patil','2022-05-10','ganesh123@gmail.com','mumbai ','Car Stolen from Home','mumbai','pune@gmail.com','05/16/2022','516d8603656fbb5614f357310e50360a1380e8b14f67d2371112c22b3aa8b6a5','516d8603656fbb5614f357310e50360a1380e8b14f67d2371112c22b3aa8b6a5','katrajpolice@gmail.com'),(60,'8','ganesh','patil','2022-05-10','ganesh123@gmail.com','mumbai ','Car Stolen from Home','mumbai','pune@gmail.com','05/16/2022','516d8603656fbb5614f357310e50360a1380e8b14f67d2371112c22b3aa8b6a5','516d8603656fbb5614f357310e50360a1380e8b14f67d2371112c22b3aa8b6a5','talegaonpolice@gmail.com'),(61,'8','ganesh','patil','2022-05-10','ganesh123@gmail.com','mumbai ','Car Stolen from Home','mumbai','pune@gmail.com','05/16/2022','516d8603656fbb5614f357310e50360a1380e8b14f67d2371112c22b3aa8b6a5','516d8603656fbb5614f357310e50360a1380e8b14f67d2371112c22b3aa8b6a5','ajitpatil123@gmail.com'),(62,'8','ganesh','patil','2022-05-10','ganesh123@gmail.com','mumbai ','Car Stolen from Home','mumbai','pune@gmail.com','05/16/2022','516d8603656fbb5614f357310e50360a1380e8b14f67d2371112c22b3aa8b6a5','516d8603656fbb5614f357310e50360a1380e8b14f67d2371112c22b3aa8b6a5','daundpolice@gmail.com'),(63,'1','sachin','kapase','1995-04-04','sachin@gmail.com','Akurdi,Dharmraj Chowk,','Car stolen from home','nigadi,sector 25,House no 2323','pune@gmail.com','02/07/2020','765c5ceb864a1416362dd94120f8f6df46b417f9afff0d93e0d52f1dda2ad2f0','765c5ceb864a1416362dd94120f8f6df46b417f9afff0d93e0d52f1dda2ad2f0','daundpolice@gmail.com'),(64,'1','sachin','kapase','1995-04-04','sachin@gmail.com','Akurdi,Dharmraj Chowk,','Car stolen from home','nigadi,sector 25,House no 2323','pune@gmail.com','02/07/2020','765c5ceb864a1416362dd94120f8f6df46b417f9afff0d93e0d52f1dda2ad2f0','765c5ceb864a1416362dd94120f8f6df46b417f9afff0d93e0d52f1dda2ad2f0','katrajpolice@gmail.com'),(65,'1','sachin','kapase','1995-04-04','sachin@gmail.com','Akurdi,Dharmraj Chowk,','Car stolen from home','nigadi,sector 25,House no 2323','pune@gmail.com','02/07/2020','765c5ceb864a1416362dd94120f8f6df46b417f9afff0d93e0d52f1dda2ad2f0','765c5ceb864a1416362dd94120f8f6df46b417f9afff0d93e0d52f1dda2ad2f0','talegaonpolice@gmail.com'),(66,'1','sachin','kapase','1995-04-04','sachin@gmail.com','Akurdi,Dharmraj Chowk,','Car stolen from home','nigadi,sector 25,House no 2323','pune@gmail.com','02/07/2020','765c5ceb864a1416362dd94120f8f6df46b417f9afff0d93e0d52f1dda2ad2f0','765c5ceb864a1416362dd94120f8f6df46b417f9afff0d93e0d52f1dda2ad2f0','ajitpatil123@gmail.com'),(67,'1','sachin','kapase','1995-04-04','sachin@gmail.com','Akurdi,Dharmraj Chowk,','Car stolen from home','nigadi,sector 25,House no 2323','pune@gmail.com','02/07/2020','765c5ceb864a1416362dd94120f8f6df46b417f9afff0d93e0d52f1dda2ad2f0','765c5ceb864a1416362dd94120f8f6df46b417f9afff0d93e0d52f1dda2ad2f0','daundpolice@gmail.com'),(68,'4','sa','aa','2020-03-10','baraterahul96@gmail.com','pune','aa','a','pune@gmail.com','03/30/2020','8b42c21aa309558c831900b36f2ce4737d596875456dfc216a5f4abce4c1650c','a0992fed77e6e5edc5c9ede50519aaa741aa0b0937eaa4ce387d2f24714bf184','daundpolice@gmail.com'),(69,'4','sa','aa','2020-03-10','baraterahul96@gmail.com','pune','aa','a','pune@gmail.com','03/30/2020','8b42c21aa309558c831900b36f2ce4737d596875456dfc216a5f4abce4c1650c','a0992fed77e6e5edc5c9ede50519aaa741aa0b0937eaa4ce387d2f24714bf184','katrajpolice@gmail.com'),(70,'4','sa','aa','2020-03-10','baraterahul96@gmail.com','pune','aa','a','pune@gmail.com','03/30/2020','8b42c21aa309558c831900b36f2ce4737d596875456dfc216a5f4abce4c1650c','a0992fed77e6e5edc5c9ede50519aaa741aa0b0937eaa4ce387d2f24714bf184','talegaonpolice@gmail.com'),(71,'4','sa','aa','2020-03-10','baraterahul96@gmail.com','pune','aa','a','pune@gmail.com','03/30/2020','8b42c21aa309558c831900b36f2ce4737d596875456dfc216a5f4abce4c1650c','a0992fed77e6e5edc5c9ede50519aaa741aa0b0937eaa4ce387d2f24714bf184','ajitpatil123@gmail.com'),(72,'4','sa','aa','2020-03-10','baraterahul96@gmail.com','pune','aa','a','pune@gmail.com','03/30/2020','8b42c21aa309558c831900b36f2ce4737d596875456dfc216a5f4abce4c1650c','a0992fed77e6e5edc5c9ede50519aaa741aa0b0937eaa4ce387d2f24714bf184','daundpolice@gmail.com'),(73,'9','sandip','patil','1998-05-06','ssp1@gmail.com','pune','Bike Stolen from Home','shivaji nagar','katrajpolice@gmail.com','07/05/2022','73d63df28a3616161ecc4b5a681ed8e179e9d4cf3cdc65a8ff598f38d6d2c0b5','73d63df28a3616161ecc4b5a681ed8e179e9d4cf3cdc65a8ff598f38d6d2c0b5','daundpolice@gmail.com'),(74,'9','sandip','patil','1998-05-06','ssp1@gmail.com','pune','Bike Stolen from Home','shivaji nagar','pune@gmail.com','07/05/2022','73d63df28a3616161ecc4b5a681ed8e179e9d4cf3cdc65a8ff598f38d6d2c0b5','73d63df28a3616161ecc4b5a681ed8e179e9d4cf3cdc65a8ff598f38d6d2c0b5','daundpolice@gmail.com'),(75,'9','sandip','patil','1998-05-06','ssp1@gmail.com','pune','Bike Stolen from Home','shivaji nagar','pune@gmail.com','07/05/2022','73d63df28a3616161ecc4b5a681ed8e179e9d4cf3cdc65a8ff598f38d6d2c0b5','73d63df28a3616161ecc4b5a681ed8e179e9d4cf3cdc65a8ff598f38d6d2c0b5','katrajpolice@gmail.com'),(76,'9','sandip','patil','1998-05-06','ssp1@gmail.com','pune','Bike Stolen from Home','shivaji nagar','pune@gmail.com','07/05/2022','73d63df28a3616161ecc4b5a681ed8e179e9d4cf3cdc65a8ff598f38d6d2c0b5','73d63df28a3616161ecc4b5a681ed8e179e9d4cf3cdc65a8ff598f38d6d2c0b5','talegaonpolice@gmail.com'),(77,'9','sandip','patil','1998-05-06','ssp1@gmail.com','pune','Bike Stolen from Home','shivaji nagar','pune@gmail.com','07/05/2022','73d63df28a3616161ecc4b5a681ed8e179e9d4cf3cdc65a8ff598f38d6d2c0b5','73d63df28a3616161ecc4b5a681ed8e179e9d4cf3cdc65a8ff598f38d6d2c0b5','ajitpatil123@gmail.com'),(78,'9','sandip','patil','1998-05-06','ssp1@gmail.com','pune','Bike Stolen from Home','shivaji nagar','pune@gmail.com','07/05/2022','73d63df28a3616161ecc4b5a681ed8e179e9d4cf3cdc65a8ff598f38d6d2c0b5','73d63df28a3616161ecc4b5a681ed8e179e9d4cf3cdc65a8ff598f38d6d2c0b5','daundpolice@gmail.com'),(79,'9','sandip','patil','1998-05-06','ssp1@gmail.com','pune','Bike Stolen from Home','shivaji nagar','katrajpolice@gmail.com','07/05/2022','73d63df28a3616161ecc4b5a681ed8e179e9d4cf3cdc65a8ff598f38d6d2c0b5','73d63df28a3616161ecc4b5a681ed8e179e9d4cf3cdc65a8ff598f38d6d2c0b5','daundpolice@gmail.com'),(80,'1','sachin','kapase','1995-04-04','sachin@gmail.com','Akurdi,Dharmraj Chowk,','Car stolen from home','nigadi,sector 25,House no 2323','pune@gmail.com','02/07/2020','765c5ceb864a1416362dd94120f8f6df46b417f9afff0d93e0d52f1dda2ad2f0','765c5ceb864a1416362dd94120f8f6df46b417f9afff0d93e0d52f1dda2ad2f0','daundpolice@gmail.com'),(81,'1','sachin','kapase','1995-04-04','sachin@gmail.com','Akurdi,Dharmraj Chowk,','Car stolen from home','nigadi,sector 25,House no 2323','pune@gmail.com','02/07/2020','765c5ceb864a1416362dd94120f8f6df46b417f9afff0d93e0d52f1dda2ad2f0','765c5ceb864a1416362dd94120f8f6df46b417f9afff0d93e0d52f1dda2ad2f0','katrajpolice@gmail.com'),(82,'1','sachin','kapase','1995-04-04','sachin@gmail.com','Akurdi,Dharmraj Chowk,','Car stolen from home','nigadi,sector 25,House no 2323','pune@gmail.com','02/07/2020','765c5ceb864a1416362dd94120f8f6df46b417f9afff0d93e0d52f1dda2ad2f0','765c5ceb864a1416362dd94120f8f6df46b417f9afff0d93e0d52f1dda2ad2f0','talegaonpolice@gmail.com'),(83,'1','sachin','kapase','1995-04-04','sachin@gmail.com','Akurdi,Dharmraj Chowk,','Car stolen from home','nigadi,sector 25,House no 2323','pune@gmail.com','02/07/2020','765c5ceb864a1416362dd94120f8f6df46b417f9afff0d93e0d52f1dda2ad2f0','765c5ceb864a1416362dd94120f8f6df46b417f9afff0d93e0d52f1dda2ad2f0','ajitpatil123@gmail.com'),(84,'9','sandip','patil','1998-05-06','ssp1@gmail.com','pune','Bike Stolen from Home','shivaji nagar','katrajpolice@gmail.com','07/05/2022','73d63df28a3616161ecc4b5a681ed8e179e9d4cf3cdc65a8ff598f38d6d2c0b5','73d63df28a3616161ecc4b5a681ed8e179e9d4cf3cdc65a8ff598f38d6d2c0b5','daundpolice@gmail.com'),(85,'3','Mahesh','Gore','2020-03-23','mahesh@gmail.com','Wadgaon Darekar','Bike Stolen from Home','Dand','pune@gmail.com','03/23/2020','7a48a5cd30dc5333291af0f62b7ab2abdd22a92aa9c532acf031e7ecb03ff1ef','7a48a5cd30dc5333291af0f62b7ab2abdd22a92aa9c532acf031e7ecb03ff1ef','daundpolice@gmail.com'),(86,'3','Mahesh','Gore','2020-03-23','mahesh@gmail.com','Wadgaon Darekar','Bike Stolen from Home','Dand','pune@gmail.com','03/23/2020','7a48a5cd30dc5333291af0f62b7ab2abdd22a92aa9c532acf031e7ecb03ff1ef','7a48a5cd30dc5333291af0f62b7ab2abdd22a92aa9c532acf031e7ecb03ff1ef','katrajpolice@gmail.com'),(87,'3','Mahesh','Gore','2020-03-23','mahesh@gmail.com','Wadgaon Darekar','Bike Stolen from Home','Dand','pune@gmail.com','03/23/2020','7a48a5cd30dc5333291af0f62b7ab2abdd22a92aa9c532acf031e7ecb03ff1ef','7a48a5cd30dc5333291af0f62b7ab2abdd22a92aa9c532acf031e7ecb03ff1ef','talegaonpolice@gmail.com'),(88,'3','Mahesh','Gore','2020-03-23','mahesh@gmail.com','Wadgaon Darekar','Bike Stolen from Home','Dand','pune@gmail.com','03/23/2020','7a48a5cd30dc5333291af0f62b7ab2abdd22a92aa9c532acf031e7ecb03ff1ef','7a48a5cd30dc5333291af0f62b7ab2abdd22a92aa9c532acf031e7ecb03ff1ef','ajitpatil123@gmail.com'),(89,'1','sachin','kapase','1995-04-04','sachin@gmail.com','Akurdi,Dharmraj Chowk,','Car stolen from home','nigadi,sector 25,House no 2323','pune@gmail.com','02/07/2020','765c5ceb864a1416362dd94120f8f6df46b417f9afff0d93e0d52f1dda2ad2f0','765c5ceb864a1416362dd94120f8f6df46b417f9afff0d93e0d52f1dda2ad2f0','daundpolice@gmail.com'),(90,'1','sachin','kapase','1995-04-04','sachin@gmail.com','Akurdi,Dharmraj Chowk,','Car stolen from home','nigadi,sector 25,House no 2323','pune@gmail.com','02/07/2020','765c5ceb864a1416362dd94120f8f6df46b417f9afff0d93e0d52f1dda2ad2f0','765c5ceb864a1416362dd94120f8f6df46b417f9afff0d93e0d52f1dda2ad2f0','katrajpolice@gmail.com'),(91,'1','sachin','kapase','1995-04-04','sachin@gmail.com','Akurdi,Dharmraj Chowk,','Car stolen from home','nigadi,sector 25,House no 2323','pune@gmail.com','02/07/2020','765c5ceb864a1416362dd94120f8f6df46b417f9afff0d93e0d52f1dda2ad2f0','765c5ceb864a1416362dd94120f8f6df46b417f9afff0d93e0d52f1dda2ad2f0','talegaonpolice@gmail.com'),(92,'1','sachin','kapase','1995-04-04','sachin@gmail.com','Akurdi,Dharmraj Chowk,','Car stolen from home','nigadi,sector 25,House no 2323','pune@gmail.com','02/07/2020','765c5ceb864a1416362dd94120f8f6df46b417f9afff0d93e0d52f1dda2ad2f0','765c5ceb864a1416362dd94120f8f6df46b417f9afff0d93e0d52f1dda2ad2f0','ajitpatil123@gmail.com'),(93,'1','sachin','kapase','1995-04-04','sachin@gmail.com','Akurdi,Dharmraj Chowk,','Car stolen from home','nigadi,sector 25,House no 2323','pune@gmail.com','02/07/2020','765c5ceb864a1416362dd94120f8f6df46b417f9afff0d93e0d52f1dda2ad2f0','765c5ceb864a1416362dd94120f8f6df46b417f9afff0d93e0d52f1dda2ad2f0','datta@123'),(94,'2','Chaitali','Patil','1995-02-02','chaitali@gmail.com','pune','House Robbery','Near Akurdi railway station,Dharmraj Chowk','pune@gmail.com','02/07/2020','072811a3c5dd5c6a1b60270bc92af4a9a5d7404225e992996ddf0e4d35f20af3','072811a3c5dd5c6a1b60270bc92af4a9a5d7404225e992996ddf0e4d35f20af3','daundpolice@gmail.com'),(95,'2','Chaitali','Patil','1995-02-02','chaitali@gmail.com','pune','House Robbery','Near Akurdi railway station,Dharmraj Chowk','pune@gmail.com','02/07/2020','072811a3c5dd5c6a1b60270bc92af4a9a5d7404225e992996ddf0e4d35f20af3','072811a3c5dd5c6a1b60270bc92af4a9a5d7404225e992996ddf0e4d35f20af3','katrajpolice@gmail.com'),(96,'2','Chaitali','Patil','1995-02-02','chaitali@gmail.com','pune','House Robbery','Near Akurdi railway station,Dharmraj Chowk','pune@gmail.com','02/07/2020','072811a3c5dd5c6a1b60270bc92af4a9a5d7404225e992996ddf0e4d35f20af3','072811a3c5dd5c6a1b60270bc92af4a9a5d7404225e992996ddf0e4d35f20af3','talegaonpolice@gmail.com'),(97,'2','Chaitali','Patil','1995-02-02','chaitali@gmail.com','pune','House Robbery','Near Akurdi railway station,Dharmraj Chowk','pune@gmail.com','02/07/2020','072811a3c5dd5c6a1b60270bc92af4a9a5d7404225e992996ddf0e4d35f20af3','072811a3c5dd5c6a1b60270bc92af4a9a5d7404225e992996ddf0e4d35f20af3','ajitpatil123@gmail.com'),(98,'2','Chaitali','Patil','1995-02-02','chaitali@gmail.com','pune','House Robbery','Near Akurdi railway station,Dharmraj Chowk','pune@gmail.com','02/07/2020','072811a3c5dd5c6a1b60270bc92af4a9a5d7404225e992996ddf0e4d35f20af3','072811a3c5dd5c6a1b60270bc92af4a9a5d7404225e992996ddf0e4d35f20af3','datta@123'),(99,'1','sachin','kapase','1995-04-04','sachin@gmail.com','Akurdi,Dharmraj Chowk,','Car stolen from home','nigadi,sector 25,House no 2323','pune@gmail.com','02/07/2020','765c5ceb864a1416362dd94120f8f6df46b417f9afff0d93e0d52f1dda2ad2f0','765c5ceb864a1416362dd94120f8f6df46b417f9afff0d93e0d52f1dda2ad2f0','daundpolice@gmail.com'),(100,'1','sachin','kapase','1995-04-04','sachin@gmail.com','Akurdi,Dharmraj Chowk,','Car stolen from home','nigadi,sector 25,House no 2323','pune@gmail.com','02/07/2020','765c5ceb864a1416362dd94120f8f6df46b417f9afff0d93e0d52f1dda2ad2f0','765c5ceb864a1416362dd94120f8f6df46b417f9afff0d93e0d52f1dda2ad2f0','daundpolice@gmail.com'),(101,'1','sachin','kapase','1995-04-04','sachin@gmail.com','Akurdi,Dharmraj Chowk,','Car stolen from home','nigadi,sector 25,House no 2323','pune@gmail.com','02/07/2020','765c5ceb864a1416362dd94120f8f6df46b417f9afff0d93e0d52f1dda2ad2f0','765c5ceb864a1416362dd94120f8f6df46b417f9afff0d93e0d52f1dda2ad2f0','katrajpolice@gmail.com'),(102,'1','sachin','kapase','1995-04-04','sachin@gmail.com','Akurdi,Dharmraj Chowk,','Car stolen from home','nigadi,sector 25,House no 2323','pune@gmail.com','02/07/2020','765c5ceb864a1416362dd94120f8f6df46b417f9afff0d93e0d52f1dda2ad2f0','765c5ceb864a1416362dd94120f8f6df46b417f9afff0d93e0d52f1dda2ad2f0','katrajpolice@gmail.com'),(103,'1','sachin','kapase','1995-04-04','sachin@gmail.com','Akurdi,Dharmraj Chowk,','Car stolen from home','nigadi,sector 25,House no 2323','pune@gmail.com','02/07/2020','765c5ceb864a1416362dd94120f8f6df46b417f9afff0d93e0d52f1dda2ad2f0','765c5ceb864a1416362dd94120f8f6df46b417f9afff0d93e0d52f1dda2ad2f0','talegaonpolice@gmail.com'),(104,'1','sachin','kapase','1995-04-04','sachin@gmail.com','Akurdi,Dharmraj Chowk,','Car stolen from home','nigadi,sector 25,House no 2323','pune@gmail.com','02/07/2020','765c5ceb864a1416362dd94120f8f6df46b417f9afff0d93e0d52f1dda2ad2f0','765c5ceb864a1416362dd94120f8f6df46b417f9afff0d93e0d52f1dda2ad2f0','talegaonpolice@gmail.com'),(105,'1','sachin','kapase','1995-04-04','sachin@gmail.com','Akurdi,Dharmraj Chowk,','Car stolen from home','nigadi,sector 25,House no 2323','pune@gmail.com','02/07/2020','765c5ceb864a1416362dd94120f8f6df46b417f9afff0d93e0d52f1dda2ad2f0','765c5ceb864a1416362dd94120f8f6df46b417f9afff0d93e0d52f1dda2ad2f0','ajitpatil123@gmail.com'),(106,'1','sachin','kapase','1995-04-04','sachin@gmail.com','Akurdi,Dharmraj Chowk,','Car stolen from home','nigadi,sector 25,House no 2323','pune@gmail.com','02/07/2020','765c5ceb864a1416362dd94120f8f6df46b417f9afff0d93e0d52f1dda2ad2f0','765c5ceb864a1416362dd94120f8f6df46b417f9afff0d93e0d52f1dda2ad2f0','datta@123'),(107,'1','sachin','kapase','1995-04-04','sachin@gmail.com','Akurdi,Dharmraj Chowk,','Car stolen from home','nigadi,sector 25,House no 2323','pune@gmail.com','02/07/2020','765c5ceb864a1416362dd94120f8f6df46b417f9afff0d93e0d52f1dda2ad2f0','765c5ceb864a1416362dd94120f8f6df46b417f9afff0d93e0d52f1dda2ad2f0','ajitpatil123@gmail.com'),(108,'1','sachin','kapase','1995-04-04','sachin@gmail.com','Akurdi,Dharmraj Chowk,','Car stolen from home','nigadi,sector 25,House no 2323','pune@gmail.com','02/07/2020','765c5ceb864a1416362dd94120f8f6df46b417f9afff0d93e0d52f1dda2ad2f0','765c5ceb864a1416362dd94120f8f6df46b417f9afff0d93e0d52f1dda2ad2f0','datta@123'),(109,'1','sachin','kapase','1995-04-04','sachin@gmail.com','Akurdi,Dharmraj Chowk,','Car stolen from home','nigadi,sector 25,House no 2323','pune@gmail.com','02/07/2020','765c5ceb864a1416362dd94120f8f6df46b417f9afff0d93e0d52f1dda2ad2f0','765c5ceb864a1416362dd94120f8f6df46b417f9afff0d93e0d52f1dda2ad2f0','daundpolice@gmail.com'),(110,'1','sachin','kapase','1995-04-04','sachin@gmail.com','Akurdi,Dharmraj Chowk,','Car stolen from home','nigadi,sector 25,House no 2323','pune@gmail.com','02/07/2020','765c5ceb864a1416362dd94120f8f6df46b417f9afff0d93e0d52f1dda2ad2f0','765c5ceb864a1416362dd94120f8f6df46b417f9afff0d93e0d52f1dda2ad2f0','katrajpolice@gmail.com'),(111,'1','sachin','kapase','1995-04-04','sachin@gmail.com','Akurdi,Dharmraj Chowk,','Car stolen from home','nigadi,sector 25,House no 2323','pune@gmail.com','02/07/2020','765c5ceb864a1416362dd94120f8f6df46b417f9afff0d93e0d52f1dda2ad2f0','765c5ceb864a1416362dd94120f8f6df46b417f9afff0d93e0d52f1dda2ad2f0','talegaonpolice@gmail.com'),(112,'1','sachin','kapase','1995-04-04','sachin@gmail.com','Akurdi,Dharmraj Chowk,','Car stolen from home','nigadi,sector 25,House no 2323','pune@gmail.com','02/07/2020','765c5ceb864a1416362dd94120f8f6df46b417f9afff0d93e0d52f1dda2ad2f0','765c5ceb864a1416362dd94120f8f6df46b417f9afff0d93e0d52f1dda2ad2f0','ajitpatil123@gmail.com'),(113,'1','sachin','kapase','1995-04-04','sachin@gmail.com','Akurdi,Dharmraj Chowk,','Car stolen from home','nigadi,sector 25,House no 2323','pune@gmail.com','02/07/2020','765c5ceb864a1416362dd94120f8f6df46b417f9afff0d93e0d52f1dda2ad2f0','765c5ceb864a1416362dd94120f8f6df46b417f9afff0d93e0d52f1dda2ad2f0','datta@123'),(114,'9','sandip','patil','1998-05-06','ssp1@gmail.com','pune','Bike Stolen from Home','shivaji nagar','pune@gmail.com','07/05/2022','73d63df28a3616161ecc4b5a681ed8e179e9d4cf3cdc65a8ff598f38d6d2c0b5','73d63df28a3616161ecc4b5a681ed8e179e9d4cf3cdc65a8ff598f38d6d2c0b5','daundpolice@gmail.com'),(115,'9','sandip','patil','1998-05-06','ssp1@gmail.com','pune','Bike Stolen from Home','shivaji nagar','pune@gmail.com','07/05/2022','73d63df28a3616161ecc4b5a681ed8e179e9d4cf3cdc65a8ff598f38d6d2c0b5','73d63df28a3616161ecc4b5a681ed8e179e9d4cf3cdc65a8ff598f38d6d2c0b5','katrajpolice@gmail.com'),(116,'9','sandip','patil','1998-05-06','ssp1@gmail.com','pune','Bike Stolen from Home','shivaji nagar','pune@gmail.com','07/05/2022','73d63df28a3616161ecc4b5a681ed8e179e9d4cf3cdc65a8ff598f38d6d2c0b5','73d63df28a3616161ecc4b5a681ed8e179e9d4cf3cdc65a8ff598f38d6d2c0b5','talegaonpolice@gmail.com'),(117,'9','sandip','patil','1998-05-06','ssp1@gmail.com','pune','Bike Stolen from Home','shivaji nagar','pune@gmail.com','07/05/2022','73d63df28a3616161ecc4b5a681ed8e179e9d4cf3cdc65a8ff598f38d6d2c0b5','73d63df28a3616161ecc4b5a681ed8e179e9d4cf3cdc65a8ff598f38d6d2c0b5','ajitpatil123@gmail.com'),(118,'9','sandip','patil','1998-05-06','ssp1@gmail.com','pune','Bike Stolen from Home','shivaji nagar','pune@gmail.com','07/05/2022','73d63df28a3616161ecc4b5a681ed8e179e9d4cf3cdc65a8ff598f38d6d2c0b5','73d63df28a3616161ecc4b5a681ed8e179e9d4cf3cdc65a8ff598f38d6d2c0b5','datta@123'),(119,'1','sachin','kapase','1995-04-04','sachin@gmail.com','Akurdi,Dharmraj Chowk,','Car stolen from home','nigadi,sector 25,House no 2323','pune@gmail.com','02/07/2020','765c5ceb864a1416362dd94120f8f6df46b417f9afff0d93e0d52f1dda2ad2f0','765c5ceb864a1416362dd94120f8f6df46b417f9afff0d93e0d52f1dda2ad2f0','daundpolice@gmail.com'),(120,'1','sachin','kapase','1995-04-04','sachin@gmail.com','Akurdi,Dharmraj Chowk,','Car stolen from home','nigadi,sector 25,House no 2323','pune@gmail.com','02/07/2020','765c5ceb864a1416362dd94120f8f6df46b417f9afff0d93e0d52f1dda2ad2f0','765c5ceb864a1416362dd94120f8f6df46b417f9afff0d93e0d52f1dda2ad2f0','katrajpolice@gmail.com'),(121,'1','sachin','kapase','1995-04-04','sachin@gmail.com','Akurdi,Dharmraj Chowk,','Car stolen from home','nigadi,sector 25,House no 2323','pune@gmail.com','02/07/2020','765c5ceb864a1416362dd94120f8f6df46b417f9afff0d93e0d52f1dda2ad2f0','765c5ceb864a1416362dd94120f8f6df46b417f9afff0d93e0d52f1dda2ad2f0','talegaonpolice@gmail.com'),(122,'1','sachin','kapase','1995-04-04','sachin@gmail.com','Akurdi,Dharmraj Chowk,','Car stolen from home','nigadi,sector 25,House no 2323','pune@gmail.com','02/07/2020','765c5ceb864a1416362dd94120f8f6df46b417f9afff0d93e0d52f1dda2ad2f0','765c5ceb864a1416362dd94120f8f6df46b417f9afff0d93e0d52f1dda2ad2f0','ajitpatil123@gmail.com'),(123,'7','madhuri','karande','2021-06-08','karandemadhu123@gmail.com','mumbai','abc','pune','pune@gmail.com','06/11/2021','021bcd75b206ca1814aeb6fcfa04c5d6fa8cad0e0a60394c08799b2ab9c3053c','021bcd75b206ca1814aeb6fcfa04c5d6fa8cad0e0a60394c08799b2ab9c3053c','daundpolice@gmail.com'),(124,'7','madhuri','karande','2021-06-08','karandemadhu123@gmail.com','mumbai','abc','pune','pune@gmail.com','06/11/2021','021bcd75b206ca1814aeb6fcfa04c5d6fa8cad0e0a60394c08799b2ab9c3053c','021bcd75b206ca1814aeb6fcfa04c5d6fa8cad0e0a60394c08799b2ab9c3053c','katrajpolice@gmail.com'),(125,'7','madhuri','karande','2021-06-08','karandemadhu123@gmail.com','mumbai','abc','pune','pune@gmail.com','06/11/2021','021bcd75b206ca1814aeb6fcfa04c5d6fa8cad0e0a60394c08799b2ab9c3053c','021bcd75b206ca1814aeb6fcfa04c5d6fa8cad0e0a60394c08799b2ab9c3053c','talegaonpolice@gmail.com'),(126,'7','madhuri','karande','2021-06-08','karandemadhu123@gmail.com','mumbai','abc','pune','pune@gmail.com','06/11/2021','021bcd75b206ca1814aeb6fcfa04c5d6fa8cad0e0a60394c08799b2ab9c3053c','021bcd75b206ca1814aeb6fcfa04c5d6fa8cad0e0a60394c08799b2ab9c3053c','ajitpatil123@gmail.com'),(127,'9','sandip','patil','1998-05-06','ssp1@gmail.com','pune','Bike Stolen from Home','shivaji nagar','katrajpolice@gmail.com','07/05/2022','73d63df28a3616161ecc4b5a681ed8e179e9d4cf3cdc65a8ff598f38d6d2c0b5','73d63df28a3616161ecc4b5a681ed8e179e9d4cf3cdc65a8ff598f38d6d2c0b5','daundpolice@gmail.com'),(128,'9','sandip','patil','1998-05-06','ssp1@gmail.com','pune','Bike Stolen from Home','shivaji nagar','katrajpolice@gmail.com','22/02/2023','73d63df28a3616161ecc4b5a681ed8e179e9d4cf3cdc65a8ff598f38d6d2c0b5','c5ac4adefb8c02581c5933f5bedec7e3d65694460b2700b2ca2628db07bd3a3f','daundpolice@gmail.com'),(129,'1','sachin','kapase','1995-04-04','sachin@gmail.com','Akurdi,Dharmraj Chowk,','Car stolen from home','nigadi,sector 25,House no 2323','pune@gmail.com','02/07/2020','765c5ceb864a1416362dd94120f8f6df46b417f9afff0d93e0d52f1dda2ad2f0','765c5ceb864a1416362dd94120f8f6df46b417f9afff0d93e0d52f1dda2ad2f0','daundpolice@gmail.com'),(130,'1','sachin','kapase','1995-04-04','sachin@gmail.com','Akurdi,Dharmraj Chowk,','Car stolen from home','nigadi,sector 25,House no 2323','pune@gmail.com','02/07/2020','765c5ceb864a1416362dd94120f8f6df46b417f9afff0d93e0d52f1dda2ad2f0','765c5ceb864a1416362dd94120f8f6df46b417f9afff0d93e0d52f1dda2ad2f0','katrajpolice@gmail.com'),(131,'1','sachin','kapase','1995-04-04','sachin@gmail.com','Akurdi,Dharmraj Chowk,','Car stolen from home','nigadi,sector 25,House no 2323','pune@gmail.com','02/07/2020','765c5ceb864a1416362dd94120f8f6df46b417f9afff0d93e0d52f1dda2ad2f0','765c5ceb864a1416362dd94120f8f6df46b417f9afff0d93e0d52f1dda2ad2f0','talegaonpolice@gmail.com'),(132,'1','sachin','kapase','1995-04-04','sachin@gmail.com','Akurdi,Dharmraj Chowk,','Car stolen from home','nigadi,sector 25,House no 2323','pune@gmail.com','02/07/2020','765c5ceb864a1416362dd94120f8f6df46b417f9afff0d93e0d52f1dda2ad2f0','765c5ceb864a1416362dd94120f8f6df46b417f9afff0d93e0d52f1dda2ad2f0','ajitpatil123@gmail.com'),(133,'1','sachin','kapase','1995-04-04','sachin@gmail.com','Akurdi,Dharmraj Chowk,','Car stolen from home','nigadi,sector 25,House no 2323','pune@gmail.com','02/07/2020','765c5ceb864a1416362dd94120f8f6df46b417f9afff0d93e0d52f1dda2ad2f0','765c5ceb864a1416362dd94120f8f6df46b417f9afff0d93e0d52f1dda2ad2f0','wagholipolice@gmail.com'),(134,'9','sandip','patil','1998-05-06','ssp1@gmail.com','pune','Harassment','shivaji nagar','katrajpolice@gmail.com','24/02/2023','73d63df28a3616161ecc4b5a681ed8e179e9d4cf3cdc65a8ff598f38d6d2c0b5','a8774bda953d829b035c4ca4018c81575a62edd8acbfca692c7d18e8b83f43c5','daundpolice@gmail.com'),(135,'9','sandip','patil','1998-05-06','ssp1@gmail.com','pune','Bike Stolen from Home','shivaji nagar','pune@gmail.com','07/05/2022','73d63df28a3616161ecc4b5a681ed8e179e9d4cf3cdc65a8ff598f38d6d2c0b5','73d63df28a3616161ecc4b5a681ed8e179e9d4cf3cdc65a8ff598f38d6d2c0b5','daundpolice@gmail.com'),(136,'9','sandip','patil','1998-05-06','ssp1@gmail.com','pune','Bike Stolen from Home','shivaji nagar','pune@gmail.com','07/05/2022','73d63df28a3616161ecc4b5a681ed8e179e9d4cf3cdc65a8ff598f38d6d2c0b5','73d63df28a3616161ecc4b5a681ed8e179e9d4cf3cdc65a8ff598f38d6d2c0b5','katrajpolice@gmail.com'),(137,'9','sandip','patil','1998-05-06','ssp1@gmail.com','pune','Bike Stolen from Home','shivaji nagar','pune@gmail.com','07/05/2022','73d63df28a3616161ecc4b5a681ed8e179e9d4cf3cdc65a8ff598f38d6d2c0b5','73d63df28a3616161ecc4b5a681ed8e179e9d4cf3cdc65a8ff598f38d6d2c0b5','talegaonpolice@gmail.com'),(138,'9','sandip','patil','1998-05-06','ssp1@gmail.com','pune','Bike Stolen from Home','shivaji nagar','pune@gmail.com','07/05/2022','73d63df28a3616161ecc4b5a681ed8e179e9d4cf3cdc65a8ff598f38d6d2c0b5','73d63df28a3616161ecc4b5a681ed8e179e9d4cf3cdc65a8ff598f38d6d2c0b5','ajitpatil123@gmail.com'),(139,'9','sandip','patil','1998-05-06','ssp1@gmail.com','pune','Bike Stolen from Home','shivaji nagar','pune@gmail.com','07/05/2022','73d63df28a3616161ecc4b5a681ed8e179e9d4cf3cdc65a8ff598f38d6d2c0b5','73d63df28a3616161ecc4b5a681ed8e179e9d4cf3cdc65a8ff598f38d6d2c0b5','wagholipolice@gmail.com'),(140,'9','sandip','patil','1998-05-06','ssp1@gmail.com','pune','Bike Stolen from Home','shivaji nagar','pune@gmail.com','07/05/2022','73d63df28a3616161ecc4b5a681ed8e179e9d4cf3cdc65a8ff598f38d6d2c0b5','73d63df28a3616161ecc4b5a681ed8e179e9d4cf3cdc65a8ff598f38d6d2c0b5','sadashiv@policestation.com'),(141,'4','sa','aa','2020-03-10','baraterahul96@gmail.com','pune','aa','a','pune@gmail.com','03/30/2020','8b42c21aa309558c831900b36f2ce4737d596875456dfc216a5f4abce4c1650c','a0992fed77e6e5edc5c9ede50519aaa741aa0b0937eaa4ce387d2f24714bf184','daundpolice@gmail.com'),(142,'4','sa','aa','2020-03-10','baraterahul96@gmail.com','pune','aa','a','pune@gmail.com','03/30/2020','8b42c21aa309558c831900b36f2ce4737d596875456dfc216a5f4abce4c1650c','a0992fed77e6e5edc5c9ede50519aaa741aa0b0937eaa4ce387d2f24714bf184','katrajpolice@gmail.com'),(143,'4','sa','aa','2020-03-10','baraterahul96@gmail.com','pune','aa','a','pune@gmail.com','03/30/2020','8b42c21aa309558c831900b36f2ce4737d596875456dfc216a5f4abce4c1650c','a0992fed77e6e5edc5c9ede50519aaa741aa0b0937eaa4ce387d2f24714bf184','talegaonpolice@gmail.com'),(144,'4','sa','aa','2020-03-10','baraterahul96@gmail.com','pune','aa','a','pune@gmail.com','03/30/2020','8b42c21aa309558c831900b36f2ce4737d596875456dfc216a5f4abce4c1650c','a0992fed77e6e5edc5c9ede50519aaa741aa0b0937eaa4ce387d2f24714bf184','ajitpatil123@gmail.com'),(145,'4','sa','aa','2020-03-10','baraterahul96@gmail.com','pune','aa','a','pune@gmail.com','03/30/2020','8b42c21aa309558c831900b36f2ce4737d596875456dfc216a5f4abce4c1650c','a0992fed77e6e5edc5c9ede50519aaa741aa0b0937eaa4ce387d2f24714bf184','wagholipolice@gmail.com'),(146,'4','sa','aa','2020-03-10','baraterahul96@gmail.com','pune','aa','a','pune@gmail.com','03/30/2020','8b42c21aa309558c831900b36f2ce4737d596875456dfc216a5f4abce4c1650c','a0992fed77e6e5edc5c9ede50519aaa741aa0b0937eaa4ce387d2f24714bf184','sadashiv@policestation.com'),(147,'1','sachin','kapase','1995-04-04','sachin@gmail.com','Akurdi,Dharmraj Chowk,','Car stolen from home','nigadi,sector 25,House no 2323','pune@gmail.com','02/07/2020','765c5ceb864a1416362dd94120f8f6df46b417f9afff0d93e0d52f1dda2ad2f0','765c5ceb864a1416362dd94120f8f6df46b417f9afff0d93e0d52f1dda2ad2f0','daundpolice@gmail.com'),(148,'1','sachin','kapase','1995-04-04','sachin@gmail.com','Akurdi,Dharmraj Chowk,','Car stolen from home','nigadi,sector 25,House no 2323','pune@gmail.com','02/07/2020','765c5ceb864a1416362dd94120f8f6df46b417f9afff0d93e0d52f1dda2ad2f0','765c5ceb864a1416362dd94120f8f6df46b417f9afff0d93e0d52f1dda2ad2f0','katrajpolice@gmail.com'),(149,'1','sachin','kapase','1995-04-04','sachin@gmail.com','Akurdi,Dharmraj Chowk,','Car stolen from home','nigadi,sector 25,House no 2323','pune@gmail.com','02/07/2020','765c5ceb864a1416362dd94120f8f6df46b417f9afff0d93e0d52f1dda2ad2f0','765c5ceb864a1416362dd94120f8f6df46b417f9afff0d93e0d52f1dda2ad2f0','talegaonpolice@gmail.com'),(150,'1','sachin','kapase','1995-04-04','sachin@gmail.com','Akurdi,Dharmraj Chowk,','Car stolen from home','nigadi,sector 25,House no 2323','pune@gmail.com','02/07/2020','765c5ceb864a1416362dd94120f8f6df46b417f9afff0d93e0d52f1dda2ad2f0','765c5ceb864a1416362dd94120f8f6df46b417f9afff0d93e0d52f1dda2ad2f0','ajitpatil123@gmail.com'),(151,'1','sachin','kapase','1995-04-04','sachin@gmail.com','Akurdi,Dharmraj Chowk,','Car stolen from home','nigadi,sector 25,House no 2323','pune@gmail.com','02/07/2020','765c5ceb864a1416362dd94120f8f6df46b417f9afff0d93e0d52f1dda2ad2f0','765c5ceb864a1416362dd94120f8f6df46b417f9afff0d93e0d52f1dda2ad2f0','wagholipolice@gmail.com'),(152,'1','sachin','kapase','1995-04-04','sachin@gmail.com','Akurdi,Dharmraj Chowk,','Car stolen from home','nigadi,sector 25,House no 2323','pune@gmail.com','02/07/2020','765c5ceb864a1416362dd94120f8f6df46b417f9afff0d93e0d52f1dda2ad2f0','765c5ceb864a1416362dd94120f8f6df46b417f9afff0d93e0d52f1dda2ad2f0','sadashiv@policestation.com'),(153,'1','sachin','kapase','1995-04-04','sachin@gmail.com','Akurdi,Dharmraj Chowk,','Car stolen from home','nigadi,sector 25,House no 2323','pune@gmail.com','02/07/2020','765c5ceb864a1416362dd94120f8f6df46b417f9afff0d93e0d52f1dda2ad2f0','765c5ceb864a1416362dd94120f8f6df46b417f9afff0d93e0d52f1dda2ad2f0','nigdi@ps.com');
/*!40000 ALTER TABLE `requestsend` ENABLE KEYS */;
UNLOCK TABLES;

--
-- Table structure for table `userregister`
--

DROP TABLE IF EXISTS `userregister`;
/*!40101 SET @saved_cs_client     = @@character_set_client */;
/*!50503 SET character_set_client = utf8mb4 */;
CREATE TABLE `userregister` (
  `id` int unsigned NOT NULL AUTO_INCREMENT,
  `UserName` varchar(145) NOT NULL,
  `Email` varchar(45) NOT NULL,
  `Address` varchar(45) NOT NULL,
  `Contact` varchar(45) NOT NULL,
  `Password` varchar(45) NOT NULL,
  PRIMARY KEY (`id`)
) ENGINE=InnoDB AUTO_INCREMENT=8 DEFAULT CHARSET=latin1;
/*!40101 SET character_set_client = @saved_cs_client */;

--
-- Dumping data for table `userregister`
--

LOCK TABLES `userregister` WRITE;
/*!40000 ALTER TABLE `userregister` DISABLE KEYS */;
INSERT INTO `userregister` VALUES (1,'Abhishekh Singh','baraterahul96@gmail.com','gujarat','9878767656','1234'),(2,'MadhuriKarande','Karandemadhuri123@gmail.com','Pune','8956859658','Madhu@123'),(3,'rina','rina123@gmail.com','nashik','8657576295','743352'),(4,'shraddha sanjay pakale','shraddhapakale5@gmail.com','ravet','8546329877','Shraddha@123'),(5,'datta ','datta@123','pune','74874545451','datta@123'),(6,'Datta Sirsath','datta@123','Pradhikaran , Nigdi','7498767122','datta@123'),(7,'ABC','ABC@123','abcx','45154545444','ABC@123');
/*!40000 ALTER TABLE `userregister` ENABLE KEYS */;
UNLOCK TABLES;
/*!40103 SET TIME_ZONE=@OLD_TIME_ZONE */;

/*!40101 SET SQL_MODE=@OLD_SQL_MODE */;
/*!40014 SET FOREIGN_KEY_CHECKS=@OLD_FOREIGN_KEY_CHECKS */;
/*!40014 SET UNIQUE_CHECKS=@OLD_UNIQUE_CHECKS */;
/*!40101 SET CHARACTER_SET_CLIENT=@OLD_CHARACTER_SET_CLIENT */;
/*!40101 SET CHARACTER_SET_RESULTS=@OLD_CHARACTER_SET_RESULTS */;
/*!40101 SET COLLATION_CONNECTION=@OLD_COLLATION_CONNECTION */;
/*!40111 SET SQL_NOTES=@OLD_SQL_NOTES */;

-- Dump completed on 2023-03-16 20:06:31
